{
  "metadata": {
    "inference_timestamp": "20250623_110345",
    "model_file": "v2_3d_cnn_blast_v220250621_095903_final.keras",
    "model_format": "keras",
    "total_files_processed": 4,
    "files_with_ground_truth": 4,
    "processing_time_seconds": 6.19302,
    "average_time_per_file": 1.548255
  },
  "model_metadata": null,
  "results": [
    {
      "file_name": "F1_095.npz",
      "file_path": "/mnt/home/dchhantyal/centroid_model_blastospim/data/raw/F1/F1_095.npz",
      "prediction": {
        "z": 13.26907967031002,
        "y": 337.7820739746094,
        "x": 130.87733459472656,
        "normalized": [
          0.13137702643871307,
          0.16493265330791473,
          0.06390494853258133
        ]
      },
      "ground_truth": {
        "z": 28.583425521850586,
        "y": 416.2169494628906,
        "x": 358.46185302734375,
        "normalized": [
          0.2830042130876296,
          0.20323093235492706,
          0.1750302016735077
        ]
      },
      "error": {
        "euclidean": 241.20794330189264,
        "z_error": 15.314345851540565,
        "y_error": 78.43487548828125,
        "x_error": 227.5845184326172
      },
      "processing_time": null
    },
    {
      "file_name": "F1_95.npz",
      "file_path": "/mnt/home/dchhantyal/centroid_model_blastospim/data/raw/F1/F1_95.npz",
      "prediction": {
        "z": 14.294518679380417,
        "y": 351.3327941894531,
        "x": 156.613525390625,
        "normalized": [
          0.1415298879146576,
          0.1715492159128189,
          0.07647144794464111
        ]
      },
      "ground_truth": {
        "z": 25.583425521850586,
        "y": 416.2169494628906,
        "x": 358.46185302734375,
        "normalized": [
          0.25330124279059985,
          0.20323093235492706,
          0.1750302016735077
        ]
      },
      "error": {
        "euclidean": 212.32084304887655,
        "z_error": 11.288906842470169,
        "y_error": 64.8841552734375,
        "x_error": 201.84832763671875
      },
      "processing_time": null
    },
    {
      "file_name": "F1_171.npz",
      "file_path": "/mnt/home/dchhantyal/centroid_model_blastospim/data/raw/F1/F1_171.npz",
      "prediction": {
        "z": 14.544976130127907,
        "y": 355.9820251464844,
        "x": 162.28265380859375,
        "normalized": [
          0.14400966465473175,
          0.17381934821605682,
          0.07923957705497742
        ]
      },
      "ground_truth": {
        "z": 34.796138763427734,
        "y": 497.5002746582031,
        "x": 361.8831787109375,
        "normalized": [
          0.3445162253804726,
          0.24292005598545074,
          0.17670077085494995
        ]
      },
      "error": {
        "euclidean": 245.51556788552654,
        "z_error": 20.251162633299828,
        "y_error": 141.51824951171875,
        "x_error": 199.60052490234375
      },
      "processing_time": null
    },
    {
      "file_name": "F1_160.npz",
      "file_path": "/mnt/home/dchhantyal/centroid_model_blastospim/data/raw/F1/F1_160.npz",
      "prediction": {
        "z": 15.17210178077221,
        "y": 368.00885009765625,
        "x": 176.71469116210938,
        "normalized": [
          0.15021882951259613,
          0.17969182133674622,
          0.08628647029399872
        ]
      },
      "ground_truth": {
        "z": 30.81145477294922,
        "y": 396.7149963378906,
        "x": 346.02947998046875,
        "normalized": [
          0.3050639086430616,
          0.19370849430561066,
          0.16895970702171326
        ]
      },
      "error": {
        "euclidean": 172.44167102700342,
        "z_error": 15.63935299217701,
        "y_error": 28.706146240234375,
        "x_error": 169.31478881835938
      },
      "processing_time": null
    }
  ]
}