file_name,predicted_z,predicted_y,predicted_x,true_z,true_y,true_x,euclidean_error,z_error,y_error,x_error
F1_095.npz,13.26907967031002,337.7820739746094,130.87733459472656,28.583425521850586,416.2169494628906,358.46185302734375,241.20794330189264,15.314345851540565,78.43487548828125,227.5845184326172
F1_95.npz,14.294518679380417,351.3327941894531,156.613525390625,25.583425521850586,416.2169494628906,358.46185302734375,212.32084304887655,11.288906842470169,64.8841552734375,201.84832763671875
F1_171.npz,14.544976130127907,355.9820251464844,162.28265380859375,34.796138763427734,497.5002746582031,361.8831787109375,245.51556788552654,20.251162633299828,141.51824951171875,199.60052490234375
F1_160.npz,15.17210178077221,368.00885009765625,176.71469116210938,30.81145477294922,396.7149963378906,346.02947998046875,172.44167102700342,15.63935299217701,28.706146240234375,169.31478881835938
